"","BR","BRC1","BRC17","BRC30","BRC5","PC1","PC17","PC30","PC5","PM"
"Actinobacteria",0.427003816973715,0.780916709287042,0.753802464701893,0.533343658210313,0.929142791859837,0.897803097634532,0.901034496063045,0.970472981882967,0.5990549947174,0.770034968955464
"Bacilli",0.052655054700567,0.0251745775546848,0.120523103671478,0.0384508180631424,0.0559477749995006,0.0159758408628401,0.0970511860115977,0.0264239339434602,0.386905302965905,0.00995011793879754
"Gammaproteobacteria",0.313646690248462,0.086402721528739,0.0031619103206483,0,0.00515061825468372,0.0250429442481329,0,0,0,0.0813262913023964
"Thermoleophilia",0,0,0.0791380632524344,0.398621781291266,0.00115171569539984,0,0,0.000401388631023839,0,0
"Betaproteobacteria",0.0742086025777839,0.0684096470517215,0.0283909028240428,0.0253401353560899,0.00355812875157798,0.0184431312922156,0,0.00270169554254899,0,0.125972861142371
"Erysipelotrichia",0.0794388970281999,0.0121533940959125,0.00142193497242937,0,0,0.018185933910498,0,0,0,0.0127157606609719
"Alphaproteobacteria",0.033732989977952,0.0259641926318182,0.0135616202570743,0.00424360707918811,0.00504897043900074,0.0245490520517813,0.0019143179253576,0,0.0096587657352287,0
"Deltaproteobacteria",0.0126463699769621,0,0,0,0,0,0,0,0,0
"Verrucomicrobiae",0.00666757851635839,0.000978757850081767,0,0,0,0,0,0,0.00438093658146589,0
