"","PC1","PC17","PC30"
"norank",0.0269456747574998,0.681127147480346,0.757166711733087
"Streptosporangiales",0.115963948489277,0.185330625240649,0.181948298005975
"Corynebacteriales",0.267488714180491,0.0281502029830507,0.0310492257108858
"Micrococcales",0.258772593004961,0.00131241921116446,0
"Propionibacteriales",0.178258884747767,0.00399846370142619,0.00293508441776456
"Bacillales",0.0291428825378059,0.0981452433651769,0.0264981639223921
"Rhizobiales",0.123427302282198,0.00193589801818692,0
"Solirubrobacterales",0,0,0.000402516209895635
"Rhodocyclales",0,0,0
