"","BR","BRC1","BRC17","BRC30","BRC5","PC1","PC17","PC30","PC5","PM"
"Actinobacteria",0.427003816973715,0.780916709287042,0.832940527954328,0.93196543950158,0.930294507555237,0.897803097634532,0.901034496063045,0.970874370513991,0.5990549947174,0.770034968955464
"Proteobacteria",0.43423465278116,0.180776561212279,0.0451144334017654,0.029583742435278,0.0137577174452624,0.0680351275921299,0.0019143179253576,0.00270169554254899,0.0096587657352287,0.207299152444767
"Firmicutes",0.132093951728767,0.0373279716505973,0.121945038643907,0.0384508180631424,0.0559477749995006,0.0341617747733381,0.0970511860115977,0.0264239339434602,0.386905302965905,0.0226658785997695
"Verrucomicrobia",0.00666757851635839,0.000978757850081767,0,0,0,0,0,0,0.00438093658146589,0
