"","BR","BRC1","BRC17","BRC30","BRC5","PC1","PC17","PC30","PC5","PM"
"Actinobacteria",0.0511445007019771,0.446507296148412,0.0456035715226552,0.0210046352395595,0.529858804049485,0.649228405711434,0.140734308097808,0.0548058304683065,0.818889661070332,0.414123961512876
"Alphaproteobacteria",0.000109229322006971,0.0316212576615196,0.177942891144992,0.281680477202674,0.0573655581094297,0.0181972033929843,0.516257982072939,0.841800130709407,0.0217259639537862,0.000328481947521871
"Gammaproteobacteria",0.528674073299668,0.287544125981896,0.0418785951474865,0.00117828907730427,0.0372814513570654,0.186446200488418,0.0537098218754814,0.00346043192254629,0.028197097618639,0.394666580747804
"norank",0.0450116108089456,0.0923420982725535,0.493453184380057,0.625115976367307,0.0276616273638553,0.0297144463421217,0.121602773406629,0.0665559801828438,0.0283959210689278,0.0241102069747294
"Deltaproteobacteria",0.0364613937551386,0.000743070228210726,0.228621884215916,0.0710206221131551,0.300991550614653,0.00915782030710576,0.167695114547143,0.033377626716896,0.0642164830887976,0
"Bacteroidia",0.314368719489265,0.0622109408088879,0.0059304912454222,0,0.00720606128040559,0.0551336465404083,0,0,0.0151804093116997,0.108303194379067
"Oligoflexia",0.00375820122282621,0.0493783004870204,0.00365200127197665,0,0.0303867140064813,0.046450153213251,0,0,0.023394463887818,0.0256936971658406
"Clostridia",0.01212608549625,0.0296529104114997,0.00291738107149425,0,0.00924823321862478,0.00567212400427646,0,0,0,0.0327738772721617
"Tissierellia",0.00834618590392276,0,0,0,0,0,0,0,0,0
