"","BR","BRC1","BRC17","BRC30","BRC5","PC1","PC17","PC30","PC5","PM"
"norank",0.00336788588697891,0.00128754958622479,0.793855332193083,0.527851016659172,0.779877447916554,0.0339161169777505,0.722477178394129,0.713891777355305,0.625163427277397,0.0235556360877361
"Bacilli",0.00402177381086539,0.846571057019636,0.139511703775248,0.226811874054861,0.164961313277287,0.675253904911491,0.244014755961727,0.272393819172884,0.355514376644643,0.498897784808934
"Betaproteobacteria",0.892518987905978,0.0690086533895347,0,0,0,0.0490772327230461,0,0,0.00385866948402819,0.371583319289042
"Gammaproteobacteria",0.0363978275567874,0.0464435003377139,0.0627710402559285,0.229052180109808,0.0299708166354482,0.115815314438336,0.0328241210625435,0.0137144034718114,0.0116668180467532,0.05310970528954
"Actinobacteria",0.0636935248393903,0.0366892396668903,0.00386192377574,0.0162849291761584,0.025190422170711,0.125937430949377,0.000683944581599596,0,0.00379670854717809,0.0528535545247472
