"","PC1","PC17","PC30"
"norank",0.00736322543939823,0.951753198038245,0.947045542272117
"Bacillus",0.862852543707114,0.0121661384404685,0.0365254469632473
"Spiribacter",0.125528710239907,0.0328465863072724,0.0137144034718114
"Brevibacillus",0.00425552061358072,0.00323407721401371,0.00271460729282406
"Castellaniella",0,0,0
"Thermicanus",0,0,0
