"","PC1","PC17","PC30"
"Firmicutes",0.874471289760093,0.967153413692728,0.986285596528189
"Proteobacteria",0.125528710239907,0.0328465863072724,0.0137144034718114
"Calditrichaeota",0,0,0
