"","BR","BRC1","BRC17","BRC30","BRC5","PC1","PC17","PC30","PC5","PM"
"norank",0.00672053110222578,0.00128754958622479,0.802822493783771,0.578834620446281,0.787627226465329,0.0400220044933483,0.722477178394129,0.713891777355305,0.625163427277397,0.0235556360877361
"Bacillales",0.00402177381086539,0.846571057019636,0.139511703775248,0.226811874054861,0.164961313277287,0.675253904911491,0.244014755961727,0.272393819172884,0.355514376644643,0.498897784808934
"Burkholderiales",0.871313775986988,0.0205130299997773,0,0,0,0.00410905038268064,0,0,0.00267116791862397,0.192949130879066
"Chromatiales",0.00387247919894684,0.0433572721258909,0.0504613130554474,0.1780685763227,0.0222210380866726,0.0969314290366863,0.0328241210625435,0.0137144034718114,0.0116668180467532,0.0249623008655603
"Micrococcales",0.0636935248393903,0.0366892396668903,0.00386192377574,0.0162849291761584,0.025190422170711,0.125937430949377,0.000683944581599596,0,0.00379670854717809,0.0528535545247472
"Rhodocyclales",0.0212052119189902,0.0484956233897574,0,0,0,0.0449681823403655,0,0,0.00118750156540422,0.178634188409977
"Nevskiales",0.0291727031425937,0.00308622821182296,0.00334256560979367,0,0,0.0127779978860518,0,0,0,0.0281474044239797
