"","PC1","PC17","PC30"
"norank",0,0.722971650937438,0.713891777355305
"Bacillaceae",0.862852543707114,0.0121661384404685,0.0365254469632473
"Paenibacillaceae",0.011618746052979,0.232015624314821,0.235868372209636
"Ectothiorhodospiraceae",0.125528710239907,0.0328465863072724,0.0137144034718114
"Alcaligenaceae",0,0,0
"Bacillales Family X. Incertae Sedis",0,0,0
