"","BR","BRC1","BRC17","BRC30","BRC5","PC1","PC17","PC30","PC5","PM"
"Actinobacteria",0.186196861230914,0.733989898585156,0.485376466745787,0.442150357477325,0.381909306116933,0.303354674951154,0.173166327258734,0.267633859497576,0.182978149914794,0.636683488750797
"Firmicutes",0,0.0628400299586893,0.196422914827648,0.0264959276457104,0.503414057573724,0.118468833126242,0.720627417159387,0.622131214933019,0.738874854397833,0.0362997155046777
"Proteobacteria",0.466430821388418,0.189594572727665,0.167181860256626,0.276324001305308,0.0753171049153363,0.564729232330383,0.0947788691908533,0.0962080823286174,0.0762582404158905,0.165250322675483
"Bacteroidetes",0.323686786083427,0.00659512064141687,0.0158701289894244,0.104586430609418,0.000344718013494037,0.013447259592221,0.0015644058925899,0.00309057577797782,0.00137297542431198,0.161766473069043
"Acidobacteria",0.00629721872875352,0.00618424574585752,0.0928569605313253,0.0939652063531567,0.0169006451212917,0,0.00187547080040478,0.00965028711147999,0,0
"Planctomycetes",0,0,0.018577970907406,0.0404955568052291,0.0193168003466002,0,0.00798750969803154,0.00128598035132915,0.000515779847170426,0
"Gemmatimonadetes",0,0,0.0237136977417836,0.0159825198038528,0.00279736791262085,0,0,0,0,0
"Euryarchaeota",0.0173883125684873,0.000796132341215578,0,0,0,0,0,0,0,0
