"","BR","BRC1","BRC17","BRC30","BRC5","PC1","PC17","PC30","PC5","PM"
"Proteobacteria",0.639473768870423,0.37059378164184,0.664160737282139,0.717018154344273,0.599021630102704,0.615271358010419,0.5341121365678,0.586977337527537,0.779003109054517,0.176360284788351
"Firmicutes",0.289008911822974,0.599736763315511,0.0970133901947656,0.037827385279805,0.154229715984035,0.366047269011224,0.455213740735867,0.392959815738945,0.211941531644045,0.807855054230309
"Chloroflexi",0,0.0120662111244178,0.121409267696972,0.0743997049387904,0.24562330516333,0.00494441476065851,0.0106741226963329,0.0140663887220653,0.00859686367223763,0
"Acidobacteria",0,0,0.117416604826123,0.170754755437132,0.000540672846525712,0,0,0.00599645801145316,0,0
"Spirochaetes",0.0715173193066031,0.0176032439182316,0,0,0.000584675903404513,0.0137369582176986,0,0,0.000458495629201376,0.01578466098134
