"","BR","BRC1","BRC17","BRC30","BRC5","PC1","PC17","PC30","PC5","PM"
"Proteobacteria",0.981116186520392,0.588833611645991,0.864783696457386,0.971236199853113,0.70503633154317,0.656565387844928,0.897934756791014,0.936701151908478,0.984957405052123,0.512692552725044
"Actinobacteria",0.0188838134796074,0.391210498956992,0.0969430047450271,0.0101902994898496,0.291267510421752,0.102961885251782,0.0734113029638299,0.0589288286481404,0.0143534851349507,0.0144020101332924
"Firmicutes",0,0.0199558893970165,0.0382732987975871,0.0185735006570368,0.00369615803507718,0.240472726903289,0.0286539402451561,0.00437001944338169,0.00068910981292652,0.472905437141663
