"","BR","BRC1","BRC17","BRC30","BRC5","PC1","PC17","PC30","PC5","PM"
"Verrucomicrobia",0.00262716605492274,0.0958058006140684,0.209907645228233,0.174029919309364,0.414713189586234,0.623062916479062,0.759193554311013,0.774827581787259,0.767800512497682,0.254983884933452
"Balneolaeota",0.00233524867982354,0.00565580720828566,0.694522296973619,0.515050653041529,0.56411998199985,0.0135671072245421,0.165729999556,0.156185061287997,0.189632707256891,0
"Bacteroidetes",0.0950596822905687,0.0325170441137007,0.0908469393164749,0.305102792473046,0.0013879010660576,0.0379443559239632,0.0202373797831996,0.0521320997139402,0.0335542783689219,0.586880907466841
"Proteobacteria",0.851585011090512,0.158599552340064,0,0,0.00038817991376037,0.0739260673159662,0,0,0,0.123133051430373
"Chloroflexi",0.0118431113912265,0.493090725735614,0.00221459730673839,0.0047355028994514,0.00208323370206193,0.0486243686154581,0.0148552958396061,0,0,0.00414270639104941
"norank",0.0365497804929466,0.214331069988266,0.00250852117493504,0.00108113227660914,0.0173075137320358,0.202875184441009,0.0399837705101808,0.0168552572108043,0.00901250187650461,0.0308594497782858
