"","BR","BRC1","BRC17","BRC30","BRC5","PC1","PC17","PC30","PC5","PM"
"norank",0.122180405118453,0.840241777780594,0.965504153987789,0.969435232303458,0.995982204176927,0.921118011052439,0.759259243276543,0.452753576715132,0.647626957159847,0.876866948569627
"Opitutus",0,0.00115866987934138,0.0344958460122112,0.030564767696542,0.00362961590931319,0.00495592163159439,0.240740756723457,0.547246423284868,0.352373042840153,0
"Thiopseudomonas",0.851585011090512,0.158599552340064,0,0,0.00038817991376037,0.0739260673159662,0,0,0,0.123133051430373
"Aequorivita",0.0262345837910348,0,0,0,0,0,0,0,0,0
