"","PC1","PC17","PC30"
"norank",0.994419821430029,0.759259243276543,0.452753576715132
"Opitutus",0.00558017856997148,0.240740756723457,0.547246423284868
