"","BR","BRC1","BRC17","BRC30","BRC5","PC1","PC17","PC30","PC5","PM"
"Puniceicoccales",0.00262716605492274,0.0946471307347271,0.175411799216022,0.143465151612822,0.411083573676921,0.618106994847467,0.518452797587556,0.22758115850239,0.415427469657529,0.254983884933452
"norank",0.117217990383707,0.739938839837581,0.0955700577981483,0.310919427649107,0.0207786485001553,0.28944390898043,0.0750764461329865,0.0689873569247444,0.0425667802454266,0.621883063636176
"Balneolales",0.00233524867982354,0.00565580720828566,0.694522296973619,0.515050653041529,0.56411998199985,0.0135671072245421,0.165729999556,0.156185061287997,0.189632707256891,0
"Opitutales",0,0.00115866987934138,0.0344958460122112,0.030564767696542,0.00362961590931319,0.00495592163159439,0.240740756723457,0.547246423284868,0.352373042840153,0
"Pseudomonadales",0.851585011090512,0.158599552340064,0,0,0.00038817991376037,0.0739260673159662,0,0,0,0.123133051430373
"Flavobacteriales",0.0262345837910348,0,0,0,0,0,0,0,0,0
