"","BR","BRC1","BRC17","BRC30","BRC5","PC1","PC17","PC30","PC5","PM"
"Actinobacteria",0.161450482939162,0.44292530360482,0.135609843142333,0.146097246713869,0.410624762176016,0.238816637528739,0.194145244597928,0.231393287977128,0.16327523474387,0.265430344180277
"Gammaproteobacteria",0.545938333045529,0.0440817626842456,0.174073668683204,0.254644048914235,0.143270987174035,0.0172926255219018,0.244443023879087,0.298333344769036,0.5617845002601,0.0337986569761928
"norank",0.000662914425257808,0.0153207027494059,0.507571491152873,0.461997268146499,0.246644650779224,0.00649968408389208,0.334021972436089,0.368287499610237,0.0474800313832706,0.000560751092375915
"Alphaproteobacteria",0.12726111112506,0.202672946445311,0.157706480526462,0.125395146316141,0.123227584598759,0.0500835848206014,0.156458854410499,0.0910687363716998,0.0316610872437795,0.0908342787495866
"Bacilli",0.0129984917479237,0.217807048701213,0.0221206511448766,0.0111760296632154,0.01831179239503,0.47766969968764,0.0432572024593397,0.0045790320409585,0.109551023128529,0.113212193050219
"Clostridia",0.0495942367651217,0.0503029023878925,0.00291786535025102,0,0.0556187855420908,0.20313349408483,0.0267723373415716,0.00398026040499502,0.085158739004014,0.44456035542237
"Betaproteobacteria",0.0613956850665144,0.0167070465143788,0,0.000179467426673924,0,0.00121397164469286,0,0,0,0.0338568955029382
"Bacteroidia",0.0406987448854311,0.00549566470884533,0,0,0,0.0015887761411045,0,0,0.00045813003410108,0.017746525026041
"Rubrobacteria",0,0.00468662220388809,0,0.000510792819366593,0.00230143733484463,0.00370152648659801,0.000901364875485143,0.00235783882594557,0.000631254202336337,0
