"","PC1","PC17","PC30"
"Bacilli",0.823340141645549,0.172468870224768,0.110515997511947
"Actinobacteria",0.081934344532324,0.444358967346087,0.524785936379294
"norank",0.0269264743679252,0.379781608165905,0.364102104236351
"Alphaproteobacteria",0.038058182844949,0.00132733347636048,0.000164407335120228
"Gammaproteobacteria",0.0289801591691081,0.00171077948682904,0
"Chloroflexia",0.000760697440145023,0.000352441300051139,0.000431554537287528
