"","BR","BRC1","BRC17","BRC30","BRC5","PC1","PC17","PC30","PC5","PM"
"Proteobacteria",0.589883551393494,0.902129503842333,1,1,0.756865330321732,0.686032066770806,1,1,1,0.850874465945487
"Actinobacteria",0.410116448606506,0.0978704961576674,0,0,0.243134669678268,0.313967933229194,0,0,0,0.149125534054513
