"","BR","BRC1","BRC17","BRC30","BRC5","PC1","PC17","PC30","PC5","PM"
"Alphaproteobacteria",0.0124162009650892,0.154639119591444,0.543939084285445,0.759797433569128,0.581605976241209,0.305164581221989,0.259952272032898,0.963382530661855,0.522396361244202,0.00273573286909889
"Betaproteobacteria",0.0945971937789411,0.701768577151235,0.0174953448689751,0.00286825931198093,0.0384789393271995,0.281900227222496,0,0,0.0751396860980217,0.798264030039836
"Deltaproteobacteria",0.366099185820902,0,0.141701863998806,0.0300797800366697,0.019195762493961,0,0.740047727967102,0,0.181837560384769,0
"Actinobacteria",0.410116448606506,0.0978704961576674,0,0,0.243134669678268,0.313967933229194,0,0,0,0.149125534054513
"Gammaproteobacteria",0.116770970828561,0.0457218070996538,0.296863706846773,0.207254527082221,0.117584652259362,0.0989672583263219,0,0.0366174693381448,0.220626392273008,0.0498747030365517
