"","PC1","PC17","PC30"
"Alphaproteobacteria",0.519814127558706,1,0.963382530661855
"Betaproteobacteria",0.480185872441294,0,0
"Gammaproteobacteria",0,0,0.0366174693381448
