"","BR","BRC1","BRC17","BRC30","BRC5","PC1","PC17","PC30","PC5","PM"
"Actinobacteria",0.103831246598571,0.604189771294579,0.747411288350015,0.680968707439445,0.744842940982974,0.1238878154608,0.835312601246687,0.903055291286442,0.430102825539257,0.460207826708182
"Firmicutes",0.894984062181389,0.324533408719492,0.0202912619304734,0.00761124400403154,0.0177662030911269,0.872657736354496,0.0767263319964097,0.00307425611766815,0.549713530485533,0.538396978747085
"Planctomycetes",0.00118469122004016,0,0.0689874903021416,0.083907254605226,0.103347237584659,0.00125770448796814,0.0695130536651755,0.0495642458397321,0.00235269177055079,0
"Chloroflexi",0,0.00101598358983694,0.0976590428486347,0.203935961545753,0.00483703830744545,0,0.0184480130917278,0.043146597502794,0.00318425758437663,0
"Proteobacteria",0,0.0702608363960928,0.0656509165687353,0.0235768324055437,0.129206580033795,0.00219674369673623,0,0.00115960925336398,0.0146466946202823,0.00139519454473281
