"","PC1","PC17","PC30"
"Gammaproteobacteria",0.596046803601042,0.919713195301469,0.95149027515723
"norank",0.197936102718932,0.0497518671101969,0.0485097248427704
"Actinobacteria",0.0858620974769535,0,0
"Alphaproteobacteria",0.0653286633403685,0.0101170711340501,0
"Betaproteobacteria",0.054826332862704,0.0162352471610958,0
"Verrucomicrobiae",0,0.00418261929318863,0
"Clostridia",0,0,0
"Deltaproteobacteria",0,0,0
"Oligoflexia",0,0,0
