"","BR","BRC1","BRC17","BRC30","BRC5","PC1","PC17","PC30","PC5","PM"
"Alphaproteobacteria",0,0.135403965567653,1,NA,1,1,1,NA,1,NA
"Clostridia",0.955050949192874,0.802575983586653,0,NA,0,0,0,NA,0,NA
"Tissierellia",0.0449490508071258,0.0620200508456937,0,NA,0,0,0,NA,0,NA
