"","PC1","PC17","PC30"
"Streptosporangiales",0.0569924759754834,0.355474836893944,0.475169033200407
"norank",0.0615048266302234,0.376542028974909,0.345580123283104
"Corynebacteriales",0.536437636200487,0.0856210485080279,0.0678013344607137
"Bacillales",0.247155840515883,0.167457670216367,0.0828347865786585
"Micrococcales",0.0979092206779227,0.00130990614968425,0
"Chromatiales",0,0.0135945092570681,0.0286147224771171
