"","BR","BRC1","BRC17","BRC30","BRC5","PC1","PC17","PC30","PC5","PM"
"Actinobacteria",0.0256626701386579,0.68225075488958,0.526586276504461,0.234334617055457,0.760420158173552,0.705515945344172,0.536848284815185,0.609855985936942,0.486921668658184,0.612567810625523
"Proteobacteria",0.331444644598216,0.164314373675,0.370557858754067,0.721249884269,0.208299435360424,0.0338716348326938,0.277889800433878,0.304320398333938,0.415825775949635,0.269597121936353
"Bacteroidetes",0.642892685263126,0.097774703508783,0.0116957462361365,0.00311617762267923,0.00298775158443893,0.0257200921681633,0.0213853925471841,0.00325876854761148,0.000219347614260722,0.0996231214401131
"Firmicutes",0,0.0556601679266371,0.0911601185053349,0.0412993210528631,0.0282926548815854,0.234892327654971,0.163876522203753,0.0825648471815079,0.0970332077779201,0.0182119459980105
