"","BR","BRC1","BRC17","BRC30","BRC5","PC1","PC17","PC30","PC5","PM"
"Actinobacteria",0.0163083274992172,0.354998156789906,0.59463114009304,0.635030949120534,0.64043079688182,0.333155725365247,0.441570902630342,0.582073461791459,0.568831642791873,0.0363659943784881
"Proteobacteria",0.942407473867716,0.55600970582328,0.101427391024523,0.135194048303784,0.132196807461233,0.522846997419463,0.159379263598767,0.124279712486945,0.161478329312414,0.815825639777118
"norank",0.000773252912996904,0.000221972658661406,0.239808958831448,0.106792576310119,0.197950353002418,0.00186181822599732,0.370440542224754,0.284408861661497,0.235225587611352,0.00128078762001231
"Acidobacteria",0.000785931336875944,0.0441166940588167,0.0276020058342564,0.025966517736358,0.0165413703730193,0.0598117190548301,0.000369601554869394,0.00101348641827132,0.0176075121232808,0.00395030716522675
"Firmicutes",0.0296342367911947,0.00511177280452388,0.000177427597093488,5.76772981052481e-05,0.00062694542890843,0.0306770002143557,0.000515673399624726,0.000389120404285341,0,0.113645724317416
"Bacteroidetes",0.00235779401062783,0.00625950648244158,0.021714830956927,0.0712765080702687,0.000917047769395861,0,0.00867444380402323,0.00252868849174435,0,0
"Planctomycetes",0.00278237486181885,0.0192107891564028,0.00430886366066131,0.00346378368219061,0.00477075010449812,0.0312068992961696,0.0172850402665181,0.00443970145874558,0.00438001882195356,0.0218279026508055
"Chloroflexi",0.00124172298609726,0.0140714022259678,0.0103293820020508,0.02221793947864,0.00656592897870697,0.0105513532169138,0.00176453252110087,0.000866967287053045,0.012476909339127,0.00371282660262054
"Gemmatimonadetes",0.00370888573345564,0,0,0,0,0.00988848720702349,0,0,0,0.00339081748831283
