"","BR","BRC1","BRC17","BRC30","BRC5","PC1","PC17","PC30","PC5","PM"
"Actinobacteria",0.191994654916729,0.57269873865836,0.298003976842625,0.360340449925325,0.766871560472674,0.438050488307387,0.521404552756998,0.922398392512319,0.669935891954459,0.116315240281806
"Proteobacteria",0.660389154319577,0.251424175748807,0.600404062822114,0.639659550074675,0.078655991258021,0.0754497184283839,0.460674834293076,0.077601607487681,0.19022851116407,0.246058970053093
"Firmicutes",0.137671443095352,0.0322035344311549,0.0189478172656251,0,0.0221469785992435,0.399346709071436,0,0,0.0257423607573994,0.605125084142062
"Acidobacteria",0.00474613641860329,0.119405656427129,0.0826441430696367,0,0.123113045079521,0.079870711705752,0.0179206129499256,0,0.114093236124072,0.0180261422320712
"norank",0.00519861124973854,0.0242678947345504,0,0,0.00921242459054069,0.0072823724870409,0,0,0,0.0144745632909669
