"","PC1","PC17","PC30"
"Mycobacteriaceae",0.188193096832554,0.297618809406028,0.644458614579615
"norank",0.190660444550053,0.477262731361082,0.205357271480226
"Corynebacteriaceae",0.449894689827675,0.0434648018682615,0
"Bogoriellaceae",0.0305895326623405,0.0526178042732917,0.115414750563826
"Nocardioidaceae",0.0364248885921785,0.109783552583019,0.0347693633763319
"Demequinaceae",0.0621176789707168,0,0
"Cellulomonadaceae",0.0214757473863401,0.0162779822129273,0
"Promicromonosporaceae",0.0137846159455411,0.00297431829539029,0
"Microbacteriaceae",0.00685930523260017,0,0
