"","BR","BRC1","BRC17","BRC30","BRC5","PC1","PC17","PC30","PC5","PM"
"Corynebacteriales",0.535798592090915,0.337365910019305,0.232262885333327,0.591560570312014,0.250611444744398,0.545720607455323,0.368566615343847,0.613333420339799,0.453688858842679,0.546790725269266
"norank",0.0115167565317228,0.157521102428942,0.687365425690717,0.400301386306569,0.453389096253789,0.00367175886189796,0.25725070280123,0.176252317835078,0.0484452415422894,0.00290373384831278
"Clostridiales",0.0960566603758974,0.136753022074721,0.00871019733993321,0.00521895055106968,0.0827553578804119,0.379928444827636,0.20871440222765,0.0649569094753819,0.312694140723334,0.409480120356665
"Micrococcales",0.321841768726768,0.213085821130742,0.0384476299590343,0.00291909283034797,0.0858647670897213,0.0374878850498944,0.0714564934044442,0.0990572048050924,0.119634065263557,0.0315547783890144
"Propionibacteriales",0.00891304335414126,0.131999280898579,0.0174483999465348,0,0.106022691171341,0.00545014471040641,0.0656896142415353,0.0298415577912401,0.0419401865269708,0.00523085882050989
"Pseudonocardiales",0,0.020442602324222,0.0127940365074698,0,0.020600783024577,0.0248561805089678,0.0283221719812929,0,0.0235975071011698,0.000577313112800039
"Streptosporangiales",0.025873178920555,0.00283226112348878,0.00297142522298363,0,0.000755859835760725,0.00288497858587444,0,0.0165585897534088,0,0.00346247020343149
