"","BR","BRC1","BRC17","BRC30","BRC5","PC1","PC17","PC30","PC5","PM"
"Proteobacteria",0.753604111074354,0.513748774963851,0.345350033905203,0.184197274853492,0.592937347552945,0.703314092118467,0.858278385404012,0.323984224352042,0.572230031743407,0.260599306535467
"Deinococcus-Thermus",0.246395888925646,0.477015999487372,0.646982202311591,0.815802725146508,0.400298492214869,0.216557387613813,0.135869812513962,0.676015775647958,0.401609220747601,0.668247059660416
"Chordata",0,0.00923522554877663,0.00766776378320609,0,0.00676416023218667,0.0801285202677199,0.00585180208202585,0,0.0261607475089924,0.071153633804117
