"","BR","BRC1","BRC17","BRC30","BRC5","PC1","PC17","PC30","PC5","PM"
"Trueperaceae",0.172962747480839,0.462176389234705,0.642405993537132,0.814642634512501,0.378387853527323,0.143421990222885,0.135869812513962,0.665940637661972,0.401609220747601,0.349045690047939
"norank",0.487073189751727,0.509223821345016,0.157122921204147,0.126833119403089,0.475637997266809,0.630142605941761,0.687475735540443,0.273998725493938,0.417470205145403,0.112855240375419
"Deinococcaceae",0.0734331414448074,0.0148396102526673,0.00457620877445889,0.00116009063400696,0.0219106386875454,0.0731353973909281,0,0.0100751379859866,0,0.319201369612476
"Pseudomonadaceae",0.116168959387452,0.00452495361883468,0,0,0,0.0425623037902431,0.0193323244927279,0,0.125034262360099,0.147744066160048
"Myxococcaceae",0,0,0.134254186122537,0.0436800825562847,0.117299350286136,0,0.0619194666343398,0.0423212633687131,0.0157652794813253,0
"Oxalobacteraceae",0.135258746479579,0,0.0440812812306017,0.0136840728941179,0,0,0.0803330685026581,0.00766423548939121,0,0
"Poeciliidae",0,0.00923522554877663,0.00766776378320609,0,0.00676416023218667,0.0801285202677199,0.00585180208202585,0,0.0261607475089924,0.071153633804117
"Sandaracinaceae",0.0151032154555954,0,0.00989164534791707,0,0,0.030609182386463,0.00921779023384371,0,0.0139602847565803,0
