"","BR","BRC1","BRC17","BRC30","BRC5","PC1","PC17","PC30","PC5","PM"
"Actinobacteria",0.0627890822654698,0.622877995762574,0.816181972438558,0.72755212181367,0.842474857403582,0.732849499694097,0.769796109819369,0.80103800579259,0.474205687427383,0.384321426321991
"Proteobacteria",0.528927676192822,0.290072445989909,0.175005012152664,0.269710951202102,0.152287492760027,0.188071008260456,0.214071749828633,0.188259912245335,0.52295574062889,0.469846042115719
"Bacteroidetes",0.324396253629486,0.024503473915802,0.0017384527820688,8.61034128236316e-05,0.00151716611638674,0.0570593964522612,0.00514224780660347,0,0.00217721603630726,0.12775739310065
"Firmicutes",0.0690362065596342,0.0265626100252091,0,0,0.000494794031328814,0.00715889148775128,0.00015835580036592,0,0,0.0180751384616394
"Acidobacteria",0.000206809683628251,0.0340094148587089,0.000308254383454368,0,0.00188967708502226,0.0111828607656985,0,0,0,0
"Chloroflexi",0.00284365299023653,0,0.00636682628829125,0.00265082357140377,0.000121223783441915,0.00367834333973589,0.010831536745029,0.0107020819620755,0.000485874365170472,0
"Fibrobacteres",0.00660646352144446,0.000794144602526734,8.33790720320988e-05,0,0,0,0,0,0,0
"Armatimonadetes",0.00318640568652458,0.000876261798339046,0,0,0.000490939059369679,0,0,0,0,0
"Verrucomicrobia",0.00200744947075414,0.000303653046931464,0.000316102882932457,0,0.000723849760841562,0,0,0,0.000175481542249221,0
