"","PC1","PC17","PC30"
"norank",0.00217866518920325,0.645365690341523,0.797551502741039
"Chromatiales",0.870930660336969,0.200121513541053,0.0557401520358944
"Corynebacteriales",0.0788787546866928,0.0816630981182484,0.0684966778248011
"Rhizobiales",0.0121968334470265,0.0721786182927946,0.0775491597373959
"Burkholderiales",0.0358150863401086,0.000671079706380587,0.000662507660869727
