"","BR","BRC1","BRC17","BRC30","BRC5","PC1","PC17","PC30","PC5","PM"
"Proteobacteria",0.736331239995484,0.527657190667676,0.188529805806188,0.27116707192927,0.230818574748595,0.806401891850486,0.29654910962257,0.1751022983303,0.627454338394582,0.681592523497776
"norank",0.00232301018742567,0.000797621946070141,0.623647943375247,0.563092287067038,0.535453376362693,0.0017177146251447,0.56503595539701,0.676294978022492,0.179658269924346,0
"Actinobacteria",0.16726221865457,0.46841261184714,0.0945293785518296,0.13341869216894,0.172985008488731,0.185882357495917,0.0811734868095821,0.0671264632709842,0.0369331765279918,0.308963364637656
"Firmicutes",0.0246358989059849,0,0.0910281166072197,0.0281716328890981,0.059464008651426,0.00345343877535783,0.0555310815698962,0.0794437024569161,0.155954215153081,0.000849168694681363
"Bacteroidetes",0.069447632256535,0.00313257553911446,0.00226475565951601,0.00415031594565351,0.00127903174855526,0.0025445972530946,0.00171036660094114,0.00203255791930829,0,0.00859494316988643
