"","PC1","PC17","PC30"
"Actinobacteria",0.720494265225457,0.38416861716955,0.428492344164664
"Firmicutes",0.0213099772204696,0.343083446911042,0.247182410621909
"Proteobacteria",0.196205906556631,0.16030458341156,0.162284502070101
"norank",0.00129472780743627,0.0610569023465555,0.076907268556016
"Chloroflexi",0.00801775314621958,0.0393100618106845,0.0679445804175026
"Acidobacteria",0.0357921983706816,0.00124330964751492,0.00784973292982319
"Bacteroidetes",0.0165549157766035,0.00133525300379296,0.00164220398799322
"Planctomycetes",0.000330255896501395,0.00949782569930093,0.00769695725199103
"Verrucomicrobia",0,0,0
