"","PC1","PC17","PC30"
"Burkholderiales bacterium 70-64",0,0.32578408653801,1
"Clostridium disporicum",0.413965204339532,0.67421591346199,0
"Ammoniphilus sp. CFH 90114",0.278507235287231,0,0
"uncultured Clostridium sp.",0.165963412696124,0,0
"Bradyrhizobium oligotrophicum",0.141564147677113,0,0
