"","PC1","PC17","PC30"
"Firmicutes",0.858435852322887,0.67421591346199,0
"Proteobacteria",0.141564147677113,0.32578408653801,1
