"","BR","BRC1","BRC17","BRC30","BRC5","PC1","PC17","PC30","PC5","PM"
"Firmicutes",0.610382606675779,0.581463541959575,0.447809750291007,0.472503988267776,0.735005420758048,0.784654793943665,0.760132078535691,0.368020028695236,0.703119731952457,0.842897589566947
"Proteobacteria",0.0168693334952227,0.0473309124673822,0.153822520388033,0.433398426008058,0.0858128635184175,0.0921542584838053,0.0244114708956918,0.4720221446066,0.176501593329476,0.0461808706883667
"Euryarchaeota",0.0312838176982935,0.0330248955591014,0.0647811811681858,0.0940975857241662,0.0566725838311297,0.0624340375535848,0.165792024812881,0.159957826698164,0.0666776487428043,0.0244326925795377
"Deinococcus-Thermus",0.0067975213815166,0.199986448730526,0.316594985820263,0,0.0859885199066915,0,0.0496644257557363,0,0.0151650799688788,0.00711229339949192
"Bacteroidetes",0.22489378960783,0.0886696322015915,0.016991562332512,0,0.00559765346702154,0.0366930335378945,0,0,0.0100915730073301,0.0653645801416536
"Spirochaetes",0.0977365599381542,0.0357479448253032,0,0,0.0151450499543703,0.0136152309616859,0,0,0,0.00057284827825199
"Actinobacteria",0.0060212086627356,0.00692253869076937,0,0,0.0157779085643212,0,0,0,0.0284443729990538,0.00467255813213106
"Planctomycetes",0.00206486587818325,0,0,0,0,0.010448645519365,0,0,0,0.00876656721362017
"Verrucomicrobia",0.00395029666228425,0.00685408556575172,0,0,0,0,0,0,0,0
