"","PC1","PC17","PC30"
"norank",0,0.32578408653801,1
"Clostridiaceae",0.579928617035656,0.67421591346199,0
"Paenibacillaceae",0.278507235287231,0,0
"Bradyrhizobiaceae",0.141564147677113,0,0
