"","PC1","PC17","PC30"
"Burkholderiales",0,0.32578408653801,1
"Clostridiales",0.579928617035656,0.67421591346199,0
"Bacillales",0.278507235287231,0,0
"Rhizobiales",0.141564147677113,0,0
